SeniorCitizen,tenure,MonthlyCharges,TotalCharges,Churn,avg_monthly_value,gender_Male,Partner_Yes,Dependents_Yes,PhoneService_Yes,MultipleLines_No phone service,MultipleLines_Yes,InternetService_Fiber optic,InternetService_No,OnlineSecurity_No internet service,OnlineSecurity_Yes,OnlineBackup_No internet service,OnlineBackup_Yes,DeviceProtection_No internet service,DeviceProtection_Yes,TechSupport_No internet service,TechSupport_Yes,StreamingTV_No internet service,StreamingTV_Yes,StreamingMovies_No internet service,StreamingMovies_Yes,Contract_One year,Contract_Two year,PaperlessBilling_Yes,PaymentMethod_Credit card (automatic),PaymentMethod_Electronic check,PaymentMethod_Mailed check
0,54,110.1,5945.4,0,2.0018181818181815,False,False,True,False,False,True,False,False,True,False,True,False,False,True,False,False,True,False,False,True,True,False,False,False,False,True
1,67,74.84,5014.28,0,1.1005882352941176,False,True,True,True,False,False,False,False,False,False,False,True,True,False,False,False,False,True,True,False,True,False,False,False,False,False
0,62,37.36,2316.32,0,0.593015873015873,True,False,False,True,False,False,False,False,True,False,False,True,False,False,True,False,False,True,False,False,True,False,False,False,False,False
1,7,95.62,669.34,1,11.9525,False,False,False,False,True,False,False,False,False,True,True,False,True,False,True,False,False,True,False,False,False,False,False,True,False,False
0,66,76.03,5017.98,1,1.134776119402985,False,True,False,True,False,False,True,False,False,True,False,False,False,False,True,False,False,False,False,False,True,False,True,True,False,False
0,43,105.75,4547.25,1,2.403409090909091,False,False,False,True,False,True,False,True,False,False,True,False,False,True,True,False,True,False,False,True,True,False,False,True,False,False
0,52,26.89,1398.28,0,0.5073584905660378,True,True,True,False,False,True,False,False,False,False,False,False,False,False,False,True,False,False,False,True,False,True,False,False,True,False
1,60,78.0,4680.0,0,1.278688524590164,False,False,True,False,False,True,True,False,False,False,False,False,True,False,False,False,True,False,False,False,False,False,True,True,False,False
0,14,78.85,1103.9,0,5.256666666666666,True,False,True,False,False,False,False,False,False,True,False,True,False,False,True,False,False,False,False,True,True,False,False,True,False,False
1,11,67.04,737.44,0,5.586666666666667,True,False,False,False,False,False,False,True,True,False,False,True,True,False,True,False,False,True,False,True,False,True,True,False,False,False
1,25,110.29,2757.25,1,4.241923076923078,False,True,False,True,False,True,True,False,True,False,True,False,True,False,False,True,True,False,True,False,True,False,True,True,False,False
0,48,80.47,3862.56,1,1.6422448979591837,True,False,True,False,False,False,False,False,False,True,True,False,True,False,True,False,False,False,False,True,True,False,False,False,False,True
0,38,93.88,3567.44,0,2.407179487179487,False,False,False,False,False,True,False,True,False,False,False,True,True,False,False,False,False,False,False,False,False,False,True,False,True,False
1,42,33.46,1405.32,1,0.7781395348837209,True,False,True,True,False,False,True,False,False,True,False,False,False,True,True,False,False,True,True,False,False,False,False,False,False,False
0,64,99.4,6361.6,1,1.5292307692307694,True,False,True,True,False,True,True,False,True,False,False,True,False,False,False,False,True,False,False,True,True,False,True,False,False,False
1,50,48.99,2449.5,1,0.9605882352941176,True,True,False,False,False,False,False,True,False,False,True,False,False,False,True,False,True,False,True,False,False,False,True,False,True,False
1,4,67.14,268.56,1,13.428,False,False,True,False,False,False,False,True,True,False,False,True,False,False,True,False,False,False,False,False,False,True,False,False,False,True
1,8,69.68,557.44,1,7.742222222222223,False,False,False,True,True,False,False,True,False,False,True,False,False,True,False,True,False,False,False,False,True,False,True,False,True,False
1,16,67.77,1084.32,1,3.986470588235294,True,False,True,False,True,False,False,False,False,True,True,False,False,True,False,True,True,False,False,True,True,False,False,False,True,False
0,24,63.23,1517.52,0,2.5292,True,True,False,False,False,True,True,False,False,True,False,False,False,False,False,True,False,True,True,False,False,True,False,False,True,False
0,53,63.87,3385.11,0,1.1827777777777777,True,False,False,False,False,True,False,True,True,False,False,False,True,False,True,False,False,False,True,False,False,True,True,False,False,True
0,2,64.63,129.26,1,21.543333333333333,True,True,True,True,False,False,False,False,False,True,True,False,False,False,False,False,False,False,True,False,True,False,False,True,False,False
1,61,66.06,4029.66,0,1.0654838709677419,False,False,False,False,False,False,False,True,False,True,True,False,True,False,False,False,True,False,False,False,False,False,False,False,False,False
1,5,106.85,534.25,1,17.808333333333334,True,True,False,False,True,False,False,False,False,False,True,False,True,False,True,False,True,False,True,False,False,False,False,True,False,False
0,14,119.05,1666.7,0,7.9366666666666665,True,True,False,True,False,False,False,False,False,True,False,True,False,True,False,False,False,True,False,True,False,True,True,False,False,False
1,19,70.93,1347.67,1,3.5465000000000004,True,True,False,True,False,True,True,False,False,True,True,False,True,False,True,False,True,False,False,False,False,True,False,False,False,False
1,3,60.2,180.6,1,15.05,True,False,True,False,False,False,False,False,False,False,False,True,False,False,False,True,False,True,False,True,True,False,False,False,False,True
1,9,101.27,911.43,1,10.126999999999999,False,True,True,True,False,True,False,True,True,False,False,True,True,False,False,False,False,True,False,True,False,True,False,False,True,False
0,63,43.16,2719.08,0,0.674375,True,True,True,False,False,False,False,False,False,True,True,False,False,False,False,True,True,False,False,False,False,True,False,True,False,False
1,68,100.13,6808.84,0,1.451159420289855,True,False,False,True,False,True,False,True,True,False,False,True,False,False,False,False,False,True,False,True,False,False,True,False,True,False
1,25,33.24,831.0,0,1.2784615384615385,True,True,False,True,True,False,False,True,False,False,False,False,False,False,False,True,False,True,True,False,False,False,False,False,False,True
0,24,44.33,1063.92,1,1.7731999999999999,False,True,False,True,False,False,False,False,False,False,False,True,False,False,True,False,True,False,True,False,False,False,False,False,False,False
1,51,32.33,1648.83,0,0.6217307692307692,True,True,False,True,False,False,False,False,False,True,False,False,False,False,False,True,False,True,False,True,True,False,False,False,True,False
0,33,81.36,2684.88,1,2.3929411764705883,True,False,True,False,False,False,True,False,False,False,False,True,True,False,False,False,True,False,True,False,True,False,True,True,False,False
0,58,54.5,3161.0,0,0.923728813559322,False,True,True,False,True,False,True,False,False,True,False,False,False,False,False,False,False,False,False,True,True,False,False,False,True,False
0,17,118.42,2013.14,1,6.578888888888889,False,True,False,False,False,True,True,False,False,False,False,False,False,True,False,True,False,True,False,False,True,False,True,False,True,False
0,6,33.79,202.74,1,4.827142857142857,True,True,True,False,False,False,False,False,False,True,False,True,True,False,True,False,False,False,True,False,False,False,True,False,True,False
0,11,90.77,998.47,0,7.564166666666666,False,False,False,True,False,False,False,False,True,False,False,True,False,True,False,False,False,True,False,True,False,False,False,False,False,True
0,20,26.65,533.0,1,1.269047619047619,True,False,False,True,False,True,False,False,True,False,False,False,False,False,True,False,False,False,True,False,True,False,False,False,True,False
1,55,68.98,3793.9,0,1.2317857142857143,False,False,False,True,False,False,True,False,True,False,True,False,False,False,False,False,True,False,True,False,False,True,False,False,True,False
0,62,63.82,3956.84,0,1.013015873015873,True,True,True,True,False,False,False,False,True,False,False,False,True,False,True,False,True,False,True,False,False,True,False,False,True,False
0,31,77.6,2405.6,0,2.425,False,False,False,True,False,False,False,True,False,False,False,True,False,True,False,True,False,False,False,False,False,False,False,False,False,True
0,9,65.89,593.01,0,6.589,True,False,True,False,False,False,False,True,False,False,True,False,True,False,True,False,True,False,False,True,True,False,False,False,False,True
1,66,80.21,5293.86,1,1.1971641791044776,False,True,True,True,True,False,False,False,False,False,False,True,False,False,False,True,True,False,False,True,False,False,False,True,False,False
1,61,40.59,2475.99,0,0.6546774193548388,False,True,True,False,False,True,False,False,True,False,True,False,False,False,False,True,False,True,False,False,True,False,True,True,False,False
1,64,82.09,5253.76,1,1.262923076923077,False,False,True,True,False,False,False,True,False,True,False,True,False,False,False,True,False,True,True,False,False,False,True,True,False,False
0,32,41.66,1333.12,0,1.2624242424242422,False,False,False,True,False,True,False,True,False,True,True,False,True,False,False,False,True,False,False,False,False,True,False,False,False,False
1,52,86.93,4520.36,0,1.640188679245283,False,True,True,True,False,True,True,False,True,False,False,True,False,True,False,False,False,True,False,True,True,False,True,True,False,False
0,15,42.93,643.95,0,2.683125,True,False,False,False,True,False,False,True,True,False,False,False,False,False,True,False,False,True,False,True,False,False,False,False,False,False
1,29,43.27,1254.83,0,1.4423333333333335,True,False,False,True,False,False,False,True,False,True,False,True,False,True,False,True,False,True,True,False,True,False,True,False,False,True
0,37,42.79,1583.23,0,1.1260526315789474,False,True,True,True,True,False,False,False,True,False,False,True,False,True,True,False,False,False,True,False,False,False,False,False,False,False
0,21,105.38,2212.98,0,4.79,False,False,False,False,True,False,True,False,True,False,False,False,False,True,True,False,False,False,False,False,False,True,False,False,True,False
0,68,114.5,7786.0,1,1.6594202898550725,False,False,True,True,False,False,True,False,False,False,False,False,True,False,False,False,False,False,False,True,True,False,False,False,True,False
0,57,31.25,1781.25,0,0.5387931034482759,True,False,False,False,False,False,True,False,True,False,True,False,True,False,False,False,False,True,False,False,True,False,True,False,False,False
0,59,45.83,2703.97,1,0.7638333333333333,False,True,True,True,False,False,True,False,True,False,False,False,False,False,False,False,False,True,False,False,False,False,False,False,False,False
1,32,53.87,1723.84,0,1.6324242424242423,False,False,True,False,False,False,False,True,False,False,True,False,True,False,True,False,True,False,False,True,False,True,False,False,False,True
0,67,74.63,5000.21,0,1.0975,True,True,False,True,True,False,True,False,True,False,False,True,False,False,False,True,False,True,True,False,False,True,False,True,False,False
1,25,44.41,1110.25,0,1.708076923076923,False,True,True,False,False,False,False,True,False,True,False,True,False,False,True,False,True,False,False,False,True,False,False,False,False,False
1,21,96.41,2024.61,0,4.382272727272727,False,True,True,False,True,False,False,True,False,True,True,False,True,False,False,True,False,False,True,False,False,True,False,False,False,True
0,31,20.46,634.26,0,0.639375,True,True,False,True,True,False,False,True,True,False,False,True,True,False,True,False,False,False,False,False,False,True,False,False,True,False
1,28,59.06,1653.68,0,2.036551724137931,False,True,True,True,False,True,True,False,True,False,False,True,True,False,False,True,True,False,True,False,False,False,False,False,False,False
1,48,116.01,5568.48,0,2.3675510204081633,False,True,True,False,False,True,True,False,False,True,False,True,False,False,True,False,False,False,True,False,True,False,False,True,False,False
0,42,23.62,992.04,0,0.5493023255813954,False,False,True,False,False,False,False,False,False,False,False,False,False,False,False,False,False,True,True,False,False,False,False,True,False,False
0,49,70.04,3431.96,0,1.4008,True,True,False,False,False,True,True,False,False,False,True,False,False,False,False,False,True,False,False,False,True,False,True,False,True,False
1,11,108.31,1191.41,1,9.025833333333333,False,False,True,False,False,True,False,False,False,True,True,False,False,True,True,False,False,False,True,False,False,False,False,False,False,True
0,68,51.45,3498.6,0,0.7456521739130435,True,True,True,False,False,False,False,False,False,True,False,True,False,False,False,True,True,False,False,True,False,True,False,False,True,False
1,67,35.93,2407.31,0,0.5283823529411764,True,True,False,True,False,True,True,False,False,True,False,False,False,False,False,True,False,True,False,True,True,False,False,True,False,False
1,42,76.38,3207.96,0,1.7762790697674418,True,False,True,False,False,False,True,False,True,False,True,False,False,True,False,False,False,False,True,False,False,True,True,False,False,False
0,35,26.59,930.65,1,0.7386111111111111,False,True,False,False,False,False,False,False,False,True,True,False,False,False,False,False,True,False,False,False,False,False,False,False,True,False
1,44,62.84,2764.96,1,1.3964444444444446,True,False,True,True,True,False,False,True,False,False,True,False,True,False,False,False,True,False,False,False,False,False,False,False,True,False
0,38,106.52,4047.76,0,2.7312820512820513,True,True,False,True,False,True,False,False,False,False,False,False,False,False,True,False,True,False,True,False,False,True,True,False,True,False
1,58,84.98,4928.84,0,1.4403389830508475,False,True,False,True,False,False,False,True,True,False,True,False,True,False,False,False,True,False,True,False,True,False,False,True,False,False
0,20,51.8,1036.0,1,2.4666666666666663,False,False,False,False,True,False,True,False,False,False,False,False,False,False,True,False,False,True,False,False,False,False,False,False,True,False
0,24,95.89,2301.36,1,3.8356,False,True,False,True,False,True,False,False,True,False,True,False,False,False,True,False,False,True,False,True,False,False,True,False,False,False
0,35,60.21,2107.35,0,1.6725,False,True,False,True,True,False,True,False,True,False,True,False,True,False,True,False,False,False,False,True,False,False,True,True,False,False
1,19,21.89,415.91,0,1.0945,True,False,False,True,True,False,True,False,False,False,False,False,False,False,False,True,False,False,True,False,False,True,True,False,True,False
0,19,60.08,1141.52,0,3.004,True,True,False,False,False,False,False,False,True,False,True,False,True,False,False,True,True,False,True,False,True,False,True,False,False,True
1,41,90.9,3726.9,0,2.1642857142857146,False,True,True,True,False,True,True,False,False,True,True,False,False,False,True,False,True,False,False,False,False,True,False,False,True,False
1,8,63.64,509.12,0,7.071111111111112,False,False,False,True,False,True,True,False,True,False,False,False,False,False,False,True,True,False,False,True,False,True,False,False,False,False
1,11,22.38,246.18,1,1.865,True,False,False,True,False,False,True,False,False,True,False,False,True,False,False,True,False,False,False,True,False,False,False,False,False,False
0,15,119.28,1789.2,1,7.455,True,False,True,True,False,False,True,False,False,True,False,True,False,False,True,False,False,False,True,False,False,False,False,False,False,True
1,64,29.46,1885.44,0,0.45323076923076927,True,True,True,False,False,False,False,False,True,False,False,False,False,True,True,False,False,True,False,True,False,False,True,False,True,False
0,49,96.73,4739.77,0,1.9346,False,True,False,False,True,False,False,False,False,False,True,False,False,False,False,True,True,False,True,False,True,False,False,True,False,False
1,60,112.76,6765.6,0,1.8485245901639344,False,False,False,False,True,False,False,True,False,False,False,True,False,False,False,False,False,False,False,True,False,True,False,False,True,False
1,3,62.1,186.3,1,15.525,True,False,False,True,False,True,True,False,False,False,False,False,True,False,True,False,False,False,False,True,False,False,True,False,True,False
1,69,49.2,3394.8,0,0.7028571428571428,True,False,False,False,True,False,True,False,False,True,False,False,False,True,True,False,False,True,False,False,False,False,True,True,False,False
0,3,35.72,107.16,1,8.93,False,False,True,True,False,True,False,False,True,False,False,True,True,False,False,False,True,False,False,False,False,False,True,False,True,False
1,57,41.21,2348.97,0,0.7105172413793104,False,True,True,False,False,True,False,True,False,True,False,False,False,True,False,True,False,False,False,False,True,False,False,True,False,False
0,58,29.11,1688.38,0,0.49338983050847457,True,False,True,True,True,False,True,False,False,True,True,False,True,False,False,True,True,False,True,False,True,False,True,False,False,True
1,35,45.08,1577.8,1,1.2522222222222221,True,False,True,True,False,True,True,False,True,False,False,False,False,False,True,False,True,False,True,False,False,False,True,False,True,False
1,59,111.08,6553.72,0,1.8513333333333333,True,False,True,True,False,False,False,True,False,False,False,False,True,False,False,True,False,True,False,True,True,False,False,False,False,True
1,60,74.1,4446.0,0,1.2147540983606557,False,True,False,True,False,True,True,False,False,True,False,False,False,False,True,False,True,False,True,False,False,True,True,False,False,False
0,20,28.74,574.8,0,1.3685714285714285,False,True,True,True,False,True,True,False,False,True,False,False,False,False,True,False,True,False,True,False,False,False,True,False,False,True
0,55,105.96,5827.8,0,1.8921428571428571,True,True,True,True,False,True,False,False,True,False,False,False,True,False,False,True,False,False,False,True,False,True,False,False,False,True
0,29,108.97,3160.13,1,3.6323333333333334,True,True,True,False,True,False,True,False,True,False,False,True,False,True,True,False,True,False,True,False,False,False,True,True,False,False
0,45,21.37,961.65,0,0.46456521739130435,False,True,False,False,False,False,False,True,False,True,False,False,True,False,False,True,False,True,False,True,False,True,True,False,False,False
0,53,22.63,1199.39,0,0.41907407407407404,False,False,False,False,True,False,True,False,True,False,False,False,True,False,False,False,False,True,False,False,True,False,True,False,False,True
1,2,72.93,145.86,1,24.310000000000002,False,True,True,False,False,True,False,True,False,True,False,True,True,False,False,True,True,False,False,False,False,False,False,False,False,True
1,61,90.55,5523.55,1,1.460483870967742,True,False,True,False,True,False,True,False,False,True,False,False,True,False,False,False,False,True,False,False,True,False,True,False,True,False
1,58,47.67,2764.86,0,0.8079661016949152,False,True,False,True,True,False,False,False,False,True,True,False,False,True,False,True,True,False,False,True,True,False,True,False,True,False
1,63,39.09,2462.67,0,0.61078125,True,True,False,True,True,False,False,True,False,True,False,False,True,False,True,False,False,False,False,False,False,False,True,False,True,False
0,9,119.59,1076.31,1,11.959,False,True,True,True,False,True,True,False,False,False,True,False,False,True,False,True,False,False,False,False,False,True,True,False,True,False
0,18,42.52,765.36,0,2.2378947368421054,False,False,True,True,True,False,True,False,False,False,True,False,False,True,True,False,False,True,False,True,True,False,True,False,False,True
0,34,47.79,1624.86,0,1.3654285714285714,True,True,False,False,True,False,False,True,False,False,True,False,True,False,True,False,False,True,False,False,True,False,False,False,False,True
1,37,88.62,3278.94,0,2.332105263157895,True,True,False,False,False,False,False,True,False,False,False,True,True,False,False,False,False,True,True,False,True,False,False,False,False,False
1,53,27.97,1482.41,0,0.517962962962963,False,True,True,False,False,False,True,False,True,False,False,True,True,False,False,False,False,True,True,False,True,False,True,False,False,True
1,13,76.68,996.84,0,5.477142857142858,True,True,False,True,True,False,True,False,True,False,True,False,False,True,False,False,True,False,True,False,True,False,False,False,False,True
0,7,89.22,624.54,1,11.1525,True,True,True,False,True,False,False,False,False,False,True,False,False,True,True,False,True,False,True,False,False,False,False,False,False,True
0,67,77.5,5192.5,0,1.1397058823529411,False,True,True,True,True,False,False,False,False,False,True,False,True,False,True,False,False,True,False,True,False,True,True,False,False,False
0,52,70.22,3651.44,0,1.3249056603773586,False,False,True,True,True,False,False,True,False,True,True,False,True,False,False,False,False,False,False,False,False,True,False,False,True,False
1,40,64.33,2573.2,0,1.5690243902439025,True,True,False,True,False,False,False,True,False,True,True,False,True,False,True,False,True,False,False,True,False,True,False,False,False,False
0,71,80.46,5712.66,0,1.1175,True,False,True,False,True,False,False,True,True,False,True,False,False,True,True,False,False,True,True,False,False,True,True,False,False,True
1,29,55.36,1605.44,0,1.8453333333333333,False,True,False,False,False,True,False,True,False,True,False,False,False,True,True,False,True,False,False,True,True,False,False,False,False,True
0,17,77.43,1316.31,0,4.301666666666667,True,True,False,False,False,True,False,False,False,True,True,False,False,True,False,True,False,True,True,False,False,False,True,False,True,False
0,21,53.57,1124.97,0,2.435,False,True,True,True,False,False,False,False,False,True,False,True,False,True,False,False,False,False,False,False,False,False,False,False,False,True
0,3,108.32,324.96,0,27.08,True,False,False,False,False,True,False,False,True,False,True,False,False,False,True,False,False,True,False,True,True,False,True,False,False,False
1,1,88.78,88.78,0,44.39,False,False,False,False,True,False,False,True,False,True,False,True,False,True,True,False,True,False,False,True,True,False,True,False,False,False
0,59,81.1,4784.9,0,1.3516666666666666,False,False,True,False,True,False,False,True,False,False,True,False,False,True,True,False,False,False,False,False,False,True,False,False,False,False
1,61,41.93,2557.73,0,0.6762903225806451,False,True,True,True,False,False,False,True,True,False,False,True,True,False,True,False,False,False,False,True,True,False,False,False,True,False
0,6,96.89,581.34,0,13.84142857142857,False,True,True,False,False,True,False,True,True,False,True,False,True,False,False,True,False,True,True,False,True,False,True,True,False,False
0,8,85.64,685.12,0,9.515555555555556,True,True,False,False,False,True,False,True,True,False,True,False,True,False,False,True,False,True,True,False,False,True,False,False,False,False
1,8,60.62,484.96,0,6.735555555555555,True,True,True,False,False,False,False,True,True,False,True,False,False,True,False,True,True,False,False,True,False,True,False,False,True,False
0,10,118.5,1185.0,1,10.772727272727273,False,False,False,False,False,False,True,False,True,False,False,False,False,True,False,True,False,False,False,False,False,False,True,False,True,False
1,3,31.09,93.27,1,7.7725,False,True,False,True,True,False,True,False,True,False,False,True,True,False,True,False,False,True,True,False,False,False,True,True,False,False
1,48,51.05,2450.4,0,1.0418367346938775,False,False,False,True,True,False,False,False,False,True,False,True,True,False,False,False,False,True,True,False,True,False,False,False,False,True
1,8,73.88,591.04,0,8.208888888888888,True,False,True,True,False,True,False,True,False,False,False,False,False,True,False,True,True,False,True,False,False,True,True,False,False,False
0,32,111.62,3571.84,1,3.3824242424242428,True,True,True,False,False,True,False,True,False,True,True,False,False,True,False,False,False,True,False,False,False,False,False,False,True,False
0,64,98.05,6275.2,0,1.5084615384615385,False,False,True,False,True,False,False,True,True,False,True,False,False,False,False,False,True,False,True,False,True,False,False,False,False,True
0,13,97.44,1266.72,0,6.96,True,True,True,True,False,True,False,False,True,False,True,False,False,True,False,True,False,True,False,False,True,False,False,False,True,False
1,58,70.58,4093.64,0,1.1962711864406779,True,False,True,False,False,False,True,False,False,False,False,False,False,True,False,False,True,False,False,False,False,True,True,False,False,True
0,64,35.79,2290.56,0,0.5506153846153846,True,False,True,False,True,False,False,True,False,False,True,False,True,False,False,True,False,True,False,False,False,False,True,False,True,False
1,20,85.82,1716.4,1,4.086666666666666,True,False,False,False,True,False,True,False,False,False,True,False,False,False,False,True,True,False,False,True,False,False,False,False,False,True
1,18,41.28,743.04,1,2.1726315789473687,False,False,False,False,True,False,False,False,False,True,False,True,False,False,False,False,True,False,False,True,False,False,False,False,True,False
1,19,38.5,731.5,0,1.925,True,True,True,True,False,True,False,True,False,False,False,True,False,False,False,True,False,False,True,False,True,False,False,False,False,True
1,28,43.04,1205.12,0,1.4841379310344827,True,True,False,True,False,True,False,True,True,False,False,True,False,False,True,False,False,True,False,False,True,False,False,False,False,False
1,32,88.78,2840.96,0,2.6903030303030304,False,False,True,False,True,False,False,False,False,False,True,False,False,False,True,False,False,True,False,False,True,False,True,False,False,True
1,59,32.76,1932.84,0,0.5459999999999999,False,True,False,False,True,False,False,True,True,False,False,False,True,False,True,False,False,False,False,True,True,False,True,False,False,False
0,70,83.72,5860.4,0,1.1791549295774648,True,False,False,False,False,True,False,True,False,True,True,False,True,False,False,True,True,False,False,True,True,False,True,False,False,True
1,51,85.43,4356.93,1,1.6428846153846155,True,True,True,False,False,True,False,True,False,False,True,False,True,False,True,False,True,False,False,False,False,False,False,False,False,True
0,15,58.91,883.65,0,3.681875,False,True,True,True,False,True,False,True,True,False,True,False,False,True,False,True,False,False,False,False,True,False,True,False,False,True
0,15,42.77,641.55,0,2.673125,True,False,False,True,False,False,True,False,True,False,False,False,False,False,True,False,True,False,True,False,False,True,False,False,False,True
1,15,112.35,1685.25,0,7.021875,False,False,False,False,False,True,True,False,False,False,True,False,False,False,False,False,True,False,True,False,True,False,False,False,False,False
0,47,47.74,2243.78,0,0.9945833333333334,False,True,False,False,True,False,True,False,False,False,True,False,False,False,True,False,True,False,False,True,True,False,True,False,False,False
1,53,115.62,6127.86,0,2.1411111111111114,False,False,False,False,True,False,False,False,False,True,False,True,False,False,False,True,False,True,False,False,True,False,False,False,False,True
1,62,28.05,1739.1,0,0.44523809523809527,True,False,False,False,True,False,False,True,False,True,False,True,False,True,False,False,True,False,True,False,False,True,True,False,False,True
1,61,114.9,7008.9,0,1.853225806451613,True,False,True,False,True,False,False,True,True,False,False,True,False,False,False,True,False,False,True,False,False,True,True,False,False,False
1,9,116.2,1045.8,1,11.620000000000001,False,True,False,True,False,True,True,False,False,True,True,False,False,False,False,False,False,False,False,True,False,False,True,True,False,False
0,64,30.59,1957.76,0,0.4706153846153846,False,True,False,False,False,False,True,False,False,True,False,True,True,False,False,False,True,False,False,True,True,False,True,True,False,False
1,7,82.96,580.72,1,10.37,False,False,True,True,True,False,True,False,False,True,False,False,True,False,False,True,True,False,False,True,False,True,False,False,True,False
1,28,95.65,2678.2,1,3.298275862068966,True,True,True,True,False,True,True,False,False,False,False,False,False,False,False,False,False,True,True,False,False,False,True,False,True,False
1,23,72.28,1662.44,0,3.0116666666666667,False,True,True,True,False,False,False,False,False,False,True,False,False,False,False,True,True,False,True,False,False,True,False,False,False,False
0,27,40.3,1088.1,0,1.4392857142857143,False,True,True,False,False,False,False,True,False,True,False,False,False,False,True,False,False,False,True,False,True,False,True,False,True,False
0,51,77.84,3969.84,0,1.496923076923077,False,True,False,True,False,True,False,True,False,False,True,False,False,True,True,False,False,True,False,False,False,False,False,True,False,False
0,54,61.08,3298.32,0,1.1105454545454545,False,False,True,False,False,True,True,False,True,False,False,True,False,True,False,True,False,False,True,False,False,True,True,False,False,True
1,33,44.36,1463.88,0,1.3047058823529412,False,True,False,False,False,True,False,True,False,False,True,False,False,True,True,False,False,False,True,False,False,True,False,False,False,False
0,40,23.6,944.0,0,0.575609756097561,True,True,False,True,False,True,False,False,False,False,False,False,False,True,False,False,True,False,True,False,False,False,True,False,False,False
1,39,84.03,3277.17,0,2.10075,True,True,True,True,True,False,True,False,True,False,False,False,False,False,False,True,True,False,False,False,True,False,True,False,False,True
1,35,22.29,780.15,0,0.6191666666666666,False,False,False,True,True,False,False,False,True,False,True,False,True,False,False,True,False,True,True,False,False,False,False,False,False,False
0,45,88.13,3965.85,0,1.9158695652173912,True,True,False,False,False,True,False,False,False,True,False,False,True,False,False,False,True,False,True,False,False,True,False,False,True,False
0,39,36.96,1441.44,0,0.924,False,True,True,True,False,True,False,False,True,False,False,True,False,False,True,False,False,False,False,True,False,False,False,True,False,False
0,60,84.1,5046.0,0,1.3786885245901639,True,True,True,False,False,True,False,True,False,False,False,True,False,True,False,False,False,False,False,False,True,False,True,False,False,False
0,68,64.35,4375.8,0,0.9326086956521739,True,True,False,True,False,False,True,False,True,False,False,True,True,False,False,True,False,True,False,True,False,True,True,False,True,False
0,46,53.19,2446.74,0,1.1317021276595745,True,True,True,True,False,False,False,False,False,False,True,False,False,False,False,False,True,False,False,False,True,False,True,True,False,False
1,4,71.89,287.56,0,14.378,False,True,False,False,False,True,False,False,False,True,True,False,True,False,False,False,True,False,False,True,False,True,True,False,False,True
0,50,106.46,5323.0,0,2.087450980392157,True,True,False,False,True,False,False,False,False,False,True,False,False,False,True,False,True,False,False,True,False,True,False,False,True,False
1,68,25.69,1746.92,0,0.37231884057971015,True,True,True,False,False,False,False,False,True,False,False,False,False,True,False,True,True,False,True,False,False,False,False,False,False,False
1,3,116.32,348.96,1,29.08,False,False,False,True,False,True,True,False,False,True,True,False,True,False,False,False,False,False,False,False,False,True,True,False,False,False
1,28,51.91,1453.48,0,1.7899999999999998,True,False,True,True,False,True,True,False,False,True,False,True,False,True,False,False,False,True,True,False,True,False,False,False,False,True
1,24,31.61,758.64,0,1.2644,True,True,True,True,True,False,False,False,False,False,False,True,False,True,False,False,False,False,False,False,False,False,False,True,False,False
0,2,73.83,147.66,1,24.61,False,True,True,True,False,False,True,False,False,True,False,False,False,False,False,True,True,False,False,False,False,False,False,False,False,False
0,15,45.01,675.15,0,2.813125,False,False,True,True,False,True,False,False,False,False,True,False,True,False,True,False,True,False,False,False,False,False,True,False,False,True
0,30,86.71,2601.3,0,2.797096774193548,False,False,False,False,False,True,False,True,False,True,False,False,True,False,True,False,True,False,False,True,True,False,True,False,False,True
0,9,82.69,744.21,1,8.269,True,True,True,True,True,False,True,False,False,True,False,True,False,True,False,True,True,False,False,False,True,False,True,False,True,False
0,51,47.44,2419.44,0,0.9123076923076923,False,True,True,True,True,False,True,False,False,True,True,False,False,True,True,False,False,True,True,False,True,False,True,True,False,False
1,36,81.95,2950.2,0,2.214864864864865,False,False,True,True,False,False,False,False,True,False,False,True,False,False,False,True,False,True,False,True,True,False,True,False,True,False
0,18,23.42,421.56,1,1.2326315789473685,True,False,True,False,False,True,True,False,False,False,True,False,False,False,True,False,False,False,True,False,False,False,True,False,True,False
1,34,25.63,871.42,0,0.7322857142857142,True,False,True,False,False,True,True,False,False,True,True,False,False,False,False,False,False,True,False,False,True,False,False,False,False,True
0,58,70.1,4065.8,0,1.1881355932203388,True,True,True,True,False,False,False,False,False,True,True,False,True,False,False,False,False,False,True,False,False,True,False,False,False,False
0,1,79.16,79.16,1,39.58,False,False,True,True,False,True,False,False,True,False,False,False,False,True,False,True,True,False,False,True,False,False,True,False,False,True
0,46,78.95,3631.7,0,1.6797872340425533,True,False,False,False,False,False,True,False,False,False,True,False,False,True,True,False,False,True,False,False,False,True,False,True,False,False
1,34,102.35,3479.9,0,2.924285714285714,False,True,False,True,False,True,False,True,True,False,True,False,False,True,False,False,False,True,False,True,True,False,False,False,False,False
0,53,102.82,5449.46,0,1.904074074074074,False,True,True,True,False,True,False,True,True,False,True,False,True,False,False,True,False,True,True,False,True,False,True,True,False,False
0,16,97.27,1556.32,1,5.721764705882353,False,False,False,False,False,False,True,False,True,False,False,True,True,False,False,False,True,False,True,False,False,False,True,False,True,False
0,69,33.82,2333.58,0,0.48314285714285715,False,False,False,True,False,False,False,False,False,False,True,False,False,False,True,False,False,False,False,True,False,False,False,False,False,True
1,72,111.34,8016.48,0,1.5252054794520549,False,False,False,True,True,False,False,True,False,True,False,True,False,True,False,False,False,False,False,True,False,True,True,False,False,True
1,17,91.66,1558.22,0,5.092222222222222,False,True,False,False,True,False,True,False,True,False,True,False,False,False,True,False,False,False,False,True,False,True,True,False,True,False
0,10,70.66,706.6,1,6.423636363636363,True,False,True,True,False,True,True,False,False,False,False,True,True,False,False,False,True,False,False,False,False,False,True,False,False,False
0,54,69.86,3772.44,1,1.270181818181818,True,True,False,True,True,False,True,False,False,False,False,True,False,True,True,False,False,False,False,True,False,False,True,False,True,False
1,41,48.5,1988.5,0,1.1547619047619047,False,True,False,True,False,True,False,False,True,False,False,False,False,False,False,False,False,True,True,False,False,True,False,False,True,False
1,36,62.47,2248.92,0,1.6883783783783783,True,True,False,False,False,True,False,True,True,False,False,False,False,True,False,True,False,True,False,True,True,False,True,False,True,False
0,69,82.08,5663.52,0,1.1725714285714286,True,False,True,True,False,True,False,True,False,False,False,False,False,True,False,False,False,True,True,False,True,False,True,False,True,False
0,11,64.28,707.08,0,5.3566666666666665,False,False,True,False,False,True,False,False,False,False,True,False,True,False,False,True,False,False,True,False,False,True,True,True,False,False
1,44,38.39,1689.16,0,0.8531111111111112,True,True,False,True,True,False,True,False,False,False,False,False,True,False,False,True,False,True,False,False,False,True,True,True,False,False
0,64,24.05,1539.2,0,0.37,False,True,False,False,False,False,False,False,False,False,True,False,False,False,False,False,True,False,False,False,True,False,True,False,False,False
1,42,109.69,4606.98,0,2.5509302325581396,True,True,True,False,False,True,False,True,False,True,False,True,False,True,False,False,False,False,True,False,False,True,False,False,False,True
0,28,89.29,2500.12,0,3.0789655172413797,True,True,False,False,False,True,True,False,False,False,True,False,False,True,False,False,False,False,False,False,False,True,True,False,False,True
0,56,97.22,5444.32,0,1.7056140350877194,True,True,True,True,False,False,False,False,True,False,False,True,False,True,False,True,True,False,False,False,False,True,False,False,False,True
0,52,59.63,3100.76,0,1.1250943396226416,False,True,True,True,False,False,False,True,False,True,False,True,True,False,False,False,False,True,False,False,False,True,False,True,False,False
0,5,75.35,376.75,1,12.558333333333332,False,True,True,False,False,True,True,False,True,False,False,True,False,False,False,True,False,True,False,True,False,False,False,True,False,False
0,36,112.15,4037.4,0,3.0310810810810813,False,False,False,False,False,True,False,True,False,False,True,False,False,True,False,True,True,False,True,False,True,False,True,False,False,False
0,58,78.68,4563.44,0,1.3335593220338984,True,False,False,True,False,False,True,False,False,False,False,False,False,True,False,True,True,False,True,False,True,False,False,False,False,False
1,8,92.47,739.76,1,10.274444444444445,True,True,True,False,False,False,False,True,False,False,False,True,False,True,False,True,False,False,True,False,True,False,True,False,True,False
0,7,113.34,793.38,1,14.1675,False,True,False,True,True,False,True,False,False,False,True,False,False,False,True,False,False,True,True,False,False,True,True,False,False,True
1,32,110.28,3528.96,0,3.341818181818182,True,True,False,False,False,False,False,True,False,True,False,True,True,False,False,True,False,True,False,False,False,True,False,False,False,False
1,42,108.67,4564.14,0,2.5272093023255815,True,False,True,False,False,True,False,True,False,False,False,True,True,False,True,False,False,True,False,True,True,False,False,False,True,False
0,19,87.44,1661.36,0,4.372,True,False,True,False,True,False,False,False,False,False,False,True,True,False,True,False,True,False,False,False,False,True,False,False,False,False
0,20,68.35,1367.0,0,3.2547619047619043,False,False,True,False,False,False,False,True,True,False,False,False,False,False,False,True,False,True,False,False,False,False,True,False,False,True
1,18,69.09,1243.62,0,3.6363157894736844,True,False,False,False,False,True,False,True,True,False,False,False,False,True,False,True,True,False,True,False,False,False,False,False,False,True
1,70,57.3,4011.0,1,0.8070422535211267,True,False,False,True,False,False,True,False,True,False,False,True,False,False,False,True,True,False,False,False,False,False,True,False,True,False
0,27,76.02,2052.54,0,2.715,False,True,True,True,False,False,False,False,False,False,True,False,False,False,False,False,True,False,True,False,True,False,False,True,False,False
0,14,114.68,1605.52,0,7.645333333333334,False,False,True,True,True,False,False,False,False,True,True,False,False,False,False,True,False,True,True,False,True,False,True,True,False,False
1,39,82.01,3198.39,1,2.05025,True,False,True,True,False,False,False,True,True,False,True,False,False,False,True,False,False,False,True,False,False,False,False,False,False,True
1,1,65.11,65.11,0,32.555,True,True,True,True,False,True,True,False,False,True,False,False,False,False,False,True,False,False,True,False,False,True,False,False,False,False
1,52,94.79,4929.08,0,1.788490566037736,False,False,False,True,True,False,True,False,False,True,True,False,False,True,True,False,True,False,False,False,True,False,False,True,False,False
0,72,83.36,6001.92,0,1.141917808219178,False,False,True,False,True,False,False,False,True,False,False,True,False,True,False,True,True,False,True,False,False,True,False,False,False,False
0,40,70.17,2806.8,0,1.7114634146341463,False,True,False,True,True,False,False,True,True,False,False,False,True,False,False,False,False,True,False,False,False,False,False,False,False,False
1,72,64.92,4674.24,0,0.8893150684931507,True,True,False,True,True,False,False,True,False,True,False,True,True,False,False,False,True,False,False,True,False,True,False,False,False,False
1,1,44.05,44.05,0,22.025,True,False,False,False,False,False,False,False,False,False,True,False,True,False,False,True,True,False,True,False,True,False,True,False,False,False
0,30,66.47,1994.1,0,2.1441935483870966,True,True,True,False,False,True,False,True,False,True,False,True,False,True,False,False,False,True,True,False,False,False,True,False,False,True
0,53,75.27,3989.31,0,1.3938888888888887,False,False,True,False,False,False,True,False,False,True,True,False,False,True,False,True,False,True,False,True,False,False,True,False,False,False
1,12,119.96,1439.52,0,9.227692307692307,True,False,True,True,False,True,True,False,True,False,False,False,False,True,False,True,True,False,False,True,False,True,True,False,False,False
0,47,26.94,1266.18,0,0.56125,True,True,True,False,False,False,False,True,False,True,True,False,True,False,True,False,True,False,False,False,False,False,False,True,False,False
1,5,97.24,486.2,1,16.206666666666667,False,True,True,False,True,False,True,False,True,False,False,True,False,True,True,False,False,False,False,True,False,False,False,False,False,True
1,70,21.16,1481.2,0,0.2980281690140845,False,True,True,False,False,True,False,False,False,True,False,True,False,False,False,False,True,False,True,False,True,False,False,False,False,False
0,32,109.98,3519.36,1,3.332727272727273,False,True,True,False,True,False,False,True,False,False,False,False,False,False,False,True,False,True,False,False,False,False,True,False,False,False
0,39,83.45,3254.55,0,2.08625,False,False,True,True,False,True,False,True,True,False,False,True,False,True,False,True,False,True,True,False,True,False,True,False,True,False
0,27,112.79,3045.33,1,4.028214285714286,False,True,False,True,True,False,False,False,False,False,False,False,False,False,False,False,False,False,True,False,False,False,False,False,False,False
0,32,96.83,3098.56,1,2.934242424242424,True,True,False,False,False,True,True,False,False,False,False,False,False,False,False,True,False,True,False,False,False,False,True,True,False,False
0,2,78.11,156.22,1,26.036666666666665,True,True,False,False,False,True,False,False,False,False,False,False,False,False,True,False,False,True,True,False,False,False,False,True,False,False
0,9,24.64,221.76,0,2.464,False,False,True,True,True,False,False,False,False,False,False,True,False,True,False,True,False,False,True,False,True,False,True,False,False,False
0,26,78.44,2039.44,1,2.9051851851851853,True,True,False,False,False,True,False,True,False,True,True,False,False,False,False,False,True,False,False,True,False,False,True,False,True,False
0,42,85.23,3579.66,0,1.982093023255814,True,True,False,False,False,True,False,False,False,False,False,True,False,True,True,False,False,True,False,False,True,False,False,False,False,True
0,47,93.41,4390.27,0,1.9460416666666667,True,False,True,False,False,False,False,False,False,False,True,False,False,True,False,False,False,True,False,True,False,True,False,False,False,False
0,29,65.71,1905.59,0,2.1903333333333332,False,True,False,False,False,True,False,True,True,False,False,False,True,False,True,False,True,False,False,False,True,False,False,False,False,True
1,55,29.44,1619.2,0,0.5257142857142857,False,False,False,True,False,True,False,True,True,False,False,False,False,True,False,False,True,False,False,True,False,True,True,True,False,False
1,57,44.02,2509.14,0,0.7589655172413794,True,True,True,False,True,False,False,False,False,True,True,False,False,False,False,True,False,False,False,True,False,True,True,True,False,False
0,63,119.91,7554.33,1,1.87359375,False,False,True,True,True,False,False,True,True,False,False,True,True,False,False,True,False,True,True,False,False,False,False,False,True,False
1,46,31.99,1471.54,0,0.6806382978723404,True,True,True,False,False,True,True,False,False,True,True,False,False,False,False,False,True,False,False,True,True,False,False,False,False,False
1,53,34.34,1820.02,0,0.635925925925926,True,False,True,False,True,False,True,False,False,False,False,False,True,False,True,False,False,True,False,True,False,True,False,False,False,False
0,4,46.61,186.44,0,9.322,True,True,True,True,False,False,False,False,False,True,True,False,True,False,False,False,True,False,False,True,True,False,False,False,False,False
0,53,116.66,6182.98,0,2.1603703703703703,False,False,True,True,False,False,False,False,False,True,True,False,False,True,False,False,True,False,False,True,False,True,False,False,False,True
1,62,86.81,5382.22,0,1.377936507936508,True,False,True,True,False,False,False,False,True,False,True,False,True,False,True,False,False,True,False,True,False,True,True,False,False,True
1,47,104.67,4919.49,1,2.180625,True,False,False,False,False,True,False,True,True,False,False,False,True,False,False,False,True,False,False,False,False,False,False,False,False,True
0,34,45.03,1531.02,0,1.2865714285714287,True,True,False,True,True,False,True,False,True,False,False,False,True,False,True,False,False,True,True,False,True,False,False,False,True,False
0,4,23.28,93.12,0,4.656000000000001,False,False,False,False,False,True,False,False,True,False,False,False,False,False,False,True,False,False,False,False,True,False,True,True,False,False
0,31,31.15,965.65,0,0.9734375,True,False,False,False,False,True,False,False,False,True,False,True,False,True,True,False,False,True,True,False,False,False,True,False,False,False
1,20,95.2,1904.0,1,4.533333333333333,True,True,False,False,True,False,True,False,False,True,False,False,True,False,True,False,False,True,True,False,False,False,True,False,False,False
1,40,74.59,2983.6,0,1.819268292682927,True,True,False,False,False,False,True,False,False,True,True,False,True,False,False,False,False,True,True,False,True,False,False,False,False,True
0,47,92.77,4360.19,0,1.9327083333333333,True,False,True,False,False,True,True,False,False,False,False,False,False,True,False,False,False,True,False,True,False,True,True,False,False,False
0,39,30.43,1186.77,0,0.76075,True,True,False,False,True,False,True,False,False,True,False,False,True,False,True,False,False,False,False,True,False,False,True,False,False,False
1,10,21.41,214.1,1,1.9463636363636363,True,True,True,True,False,True,True,False,False,False,True,False,False,True,False,False,False,False,True,False,False,True,True,False,True,False
0,44,50.37,2216.28,0,1.1193333333333333,False,False,True,True,False,True,False,False,False,False,True,False,True,False,False,False,True,False,False,True,False,True,True,False,True,False
0,16,113.04,1808.64,0,6.649411764705882,False,True,True,False,True,False,True,False,False,True,False,True,False,False,True,False,True,False,False,True,False,True,True,False,False,True
1,6,41.19,247.14,1,5.884285714285714,False,False,True,False,False,False,False,True,False,True,True,False,True,False,True,False,True,False,False,True,False,False,False,True,False,False
0,53,42.12,2232.36,0,0.7799999999999999,True,True,True,True,True,False,False,False,False,False,False,False,False,False,True,False,False,True,False,False,False,False,False,False,False,False
0,2,116.44,232.88,1,38.81333333333333,True,True,False,True,True,False,False,True,True,False,True,False,True,False,True,False,True,False,False,False,False,False,True,False,False,True
1,5,60.06,300.3,0,10.01,False,False,False,False,True,False,False,True,False,False,False,True,True,False,True,False,False,True,False,True,True,False,True,False,True,False
0,59,42.91,2531.69,0,0.7151666666666666,True,False,False,False,True,False,True,False,False,False,False,True,False,False,False,True,False,True,False,True,False,True,False,False,False,True
1,22,93.11,2048.42,0,4.048260869565217,False,False,False,False,False,True,False,False,False,True,False,True,False,True,True,False,False,False,False,False,True,False,True,True,False,False
1,64,48.75,3120.0,0,0.75,True,False,False,False,False,True,True,False,True,False,False,True,True,False,False,False,False,True,False,False,False,True,False,True,False,False
0,21,48.62,1021.02,1,2.21,False,False,False,True,False,False,True,False,False,False,False,True,True,False,False,False,False,True,False,False,False,False,True,False,False,False
0,21,31.32,657.72,0,1.4236363636363636,False,False,False,True,False,True,True,False,False,True,True,False,False,True,False,True,False,True,True,False,False,True,False,False,False,False
0,18,97.61,1756.98,0,5.137368421052631,True,True,True,False,False,False,True,False,True,False,False,True,False,False,False,False,False,False,True,False,True,False,False,True,False,False
0,65,43.85,2850.25,0,0.6643939393939394,True,False,True,False,False,False,False,False,True,False,False,False,True,False,True,False,False,True,True,False,True,False,False,False,True,False
0,6,108.04,648.24,1,15.434285714285716,True,True,False,False,True,False,True,False,False,True,True,False,False,True,False,False,False,False,False,True,True,False,True,False,False,True
0,57,51.49,2934.93,0,0.8877586206896552,True,False,True,False,True,False,False,True,False,False,False,True,False,True,False,False,False,False,True,False,False,True,True,True,False,False
1,42,83.77,3518.34,0,1.948139534883721,True,False,False,False,False,False,True,False,True,False,False,False,False,False,True,False,False,True,False,False,False,True,False,False,False,False
0,27,119.33,3221.91,0,4.261785714285714,False,False,False,True,False,False,False,True,True,False,False,True,False,False,True,False,False,True,False,False,True,False,False,False,True,False
0,20,56.52,1130.4,0,2.6914285714285717,True,False,False,True,True,False,True,False,True,False,False,False,False,False,True,False,True,False,False,False,False,True,True,True,False,False
0,15,91.58,1373.7,0,5.72375,False,True,True,False,False,True,False,True,True,False,True,False,True,False,False,True,False,True,True,False,True,False,True,False,False,False
1,12,63.18,758.16,1,4.86,True,False,True,False,False,False,True,False,True,False,False,True,False,True,False,False,False,False,True,False,False,False,True,False,False,True
0,26,49.28,1281.28,0,1.8251851851851852,False,True,True,False,False,True,False,True,True,False,False,False,False,True,True,False,True,False,False,True,True,False,False,False,False,False
1,37,58.9,2179.3,0,1.55,True,False,True,True,True,False,True,False,False,False,True,False,False,True,False,False,False,False,True,False,True,False,True,False,False,False
0,72,89.28,6428.16,1,1.223013698630137,True,False,False,True,True,False,False,True,True,False,False,False,True,False,False,False,False,True,True,False,False,False,True,False,False,False
0,69,38.93,2686.17,0,0.5561428571428572,True,False,False,True,False,True,False,True,True,False,True,False,False,False,False,False,True,False,True,False,False,False,False,False,False,False
1,26,117.06,3043.56,0,4.335555555555556,False,True,True,True,False,False,True,False,False,True,False,True,True,False,False,True,False,True,False,False,False,True,True,False,False,False
1,8,51.92,415.36,0,5.768888888888889,True,False,True,False,False,False,True,False,False,False,False,False,False,True,False,True,False,False,True,False,True,False,False,False,True,False
0,51,23.83,1215.33,0,0.45826923076923076,False,True,False,False,True,False,False,False,False,True,True,False,True,False,True,False,False,False,True,False,False,True,True,False,True,False
0,69,27.61,1905.09,0,0.3944285714285714,False,True,False,False,False,True,False,True,False,True,True,False,True,False,False,True,False,False,True,False,False,False,False,False,False,False
0,12,103.31,1239.72,0,7.946923076923077,False,True,False,False,False,True,False,False,False,True,False,True,True,False,False,True,False,True,True,False,True,False,False,False,False,False
1,8,43.62,348.96,0,4.846666666666667,True,True,True,False,False,False,False,False,False,False,False,True,True,False,True,False,False,False,False,False,False,True,False,True,False,False
1,57,111.86,6376.02,0,1.9286206896551723,True,False,False,True,True,False,False,True,False,True,False,False,False,True,True,False,False,True,False,True,True,False,True,True,False,False
1,3,72.06,216.18,1,18.015,False,True,True,False,False,False,False,False,True,False,False,True,False,False,False,False,False,False,False,False,False,False,True,True,False,False
1,70,54.27,3798.9,0,0.7643661971830986,False,False,True,False,False,False,False,False,True,False,False,False,False,False,False,False,True,False,False,True,False,False,False,False,False,True
0,9,61.88,556.92,0,6.188000000000001,False,False,False,False,False,False,False,False,False,False,False,False,False,False,True,False,False,True,True,False,True,False,False,True,False,False
0,30,35.39,1061.7,0,1.1416129032258064,True,False,False,True,False,False,False,False,True,False,False,True,False,True,False,False,False,False,False,False,True,False,False,False,True,False
1,44,112.64,4956.16,1,2.503111111111111,False,True,False,False,True,False,True,False,False,False,False,True,False,False,False,False,False,True,True,False,False,False,False,True,False,False
0,55,77.07,4238.85,0,1.37625,False,False,True,True,True,False,True,False,True,False,True,False,False,True,False,True,False,True,True,False,False,True,True,False,False,True
1,63,86.24,5433.12,0,1.3475,True,True,True,False,True,False,True,False,False,False,False,False,True,False,False,True,False,False,False,True,True,False,True,False,False,False
0,6,57.84,347.04,0,8.262857142857143,True,True,True,True,False,False,False,True,False,False,True,False,False,True,False,False,False,False,False,False,False,True,True,False,False,True
0,27,26.05,703.35,0,0.9303571428571429,True,False,True,True,False,False,False,True,True,False,False,True,True,False,False,False,False,False,True,False,True,False,False,False,False,False
1,34,39.23,1333.82,0,1.1208571428571428,False,False,True,True,False,False,True,False,True,False,False,False,False,True,True,False,False,False,False,True,False,True,True,True,False,False
0,20,113.1,2262.0,0,5.385714285714285,True,False,True,True,False,True,False,True,False,False,False,True,True,False,False,True,False,False,False,False,True,False,False,True,False,False
0,68,37.46,2547.28,0,0.5428985507246377,False,True,True,False,False,True,False,False,False,False,False,True,False,True,True,False,True,False,True,False,True,False,True,True,False,False
0,69,40.13,2768.97,0,0.5732857142857143,True,False,True,False,True,False,False,False,False,False,True,False,False,False,False,True,False,True,False,False,False,False,False,False,True,False
0,65,76.23,4954.95,0,1.155,False,False,False,False,True,False,False,False,False,True,False,True,False,True,False,True,True,False,False,False,False,True,True,False,False,True
1,27,41.07,1108.89,0,1.4667857142857144,True,False,True,False,True,False,False,False,False,False,True,False,False,False,True,False,False,False,False,True,False,False,True,False,False,False
1,17,43.72,743.24,1,2.428888888888889,True,True,True,False,False,False,True,False,False,True,False,True,True,False,True,False,False,False,True,False,False,False,True,False,True,False
0,11,90.01,990.11,0,7.5008333333333335,False,False,True,False,True,False,False,True,False,False,False,True,False,False,True,False,True,False,False,False,True,False,True,True,False,False
1,18,82.53,1485.54,0,4.343684210526316,True,False,False,False,False,True,False,False,False,True,True,False,False,False,False,False,False,True,False,False,True,False,True,True,False,False
0,18,105.88,1905.84,0,5.572631578947369,False,True,True,True,False,True,False,False,False,False,False,True,False,True,True,False,False,True,False,True,False,True,False,False,False,False
1,25,77.46,1936.5,0,2.979230769230769,True,True,True,False,True,False,False,False,True,False,False,False,True,False,False,False,True,False,False,False,True,False,False,False,True,False
0,71,78.05,5541.55,0,1.0840277777777778,True,False,True,True,True,False,False,True,False,True,True,False,False,True,False,False,False,False,True,False,False,False,False,False,False,False
1,56,72.11,4038.16,0,1.2650877192982457,False,False,False,False,False,False,False,True,False,True,True,False,False,False,True,False,True,False,True,False,False,True,False,False,True,False
0,59,57.51,3393.09,0,0.9585,True,False,False,True,True,False,False,True,False,False,False,False,False,False,False,False,False,False,True,False,False,True,True,False,True,False
0,33,54.95,1813.35,0,1.6161764705882353,True,False,False,False,True,False,False,True,True,False,True,False,False,True,False,False,True,False,False,True,False,True,True,False,False,True
0,51,40.39,2059.89,0,0.7767307692307692,True,False,False,False,False,False,False,True,False,False,True,False,True,False,False,False,True,False,False,False,True,False,False,False,False,False
1,16,83.54,1336.64,1,4.9141176470588235,False,True,True,True,False,True,False,True,True,False,True,False,False,True,False,False,False,True,False,False,False,False,False,True,False,False
0,8,32.03,256.24,0,3.558888888888889,True,False,True,False,False,False,True,False,False,True,False,False,False,True,False,True,False,True,False,False,False,True,True,False,True,False
1,49,86.02,4214.98,1,1.7204,False,True,False,True,False,False,False,True,True,False,False,True,False,False,True,False,False,True,False,True,False,False,False,False,True,False
1,45,47.17,2122.65,0,1.0254347826086956,False,False,True,True,False,False,False,False,False,True,False,False,True,False,False,False,False,False,False,False,False,True,True,False,False,False
1,13,48.27,627.51,0,3.447857142857143,True,True,True,True,False,True,True,False,False,False,False,True,False,True,True,False,True,False,True,False,False,True,False,False,False,False
1,22,95.61,2103.42,0,4.15695652173913,False,False,False,False,True,False,False,False,True,False,True,False,False,False,True,False,False,False,False,False,True,False,True,True,False,False
0,15,70.22,1053.3,0,4.38875,False,False,True,True,False,True,False,False,False,False,True,False,True,False,True,False,False,True,True,False,False,True,False,False,False,True
0,2,84.32,168.64,1,28.106666666666666,False,True,True,True,True,False,False,False,False,False,True,False,False,False,True,False,False,True,True,False,False,False,True,False,False,True
0,63,34.41,2167.83,1,0.53765625,True,True,False,True,True,False,True,False,True,False,True,False,True,False,False,False,True,False,True,False,False,False,False,True,False,False
0,25,116.98,2924.5,0,4.49923076923077,True,True,False,False,False,True,False,True,False,True,False,True,True,False,False,False,False,True,False,True,False,True,False,False,True,False
1,17,30.49,518.33,0,1.6938888888888888,False,False,False,True,False,True,True,False,False,False,False,False,False,True,False,False,False,True,True,False,True,False,False,True,False,False
1,13,71.19,925.47,0,5.085,True,False,True,True,False,False,False,True,False,True,False,True,False,True,False,True,False,False,False,True,True,False,False,False,False,False
0,41,87.22,3576.02,0,2.0766666666666667,False,True,True,True,False,False,True,False,False,True,False,False,True,False,False,True,False,False,False,True,True,False,True,True,False,False
0,21,90.6,1902.6,1,4.118181818181818,True,True,True,True,False,True,True,False,True,False,False,True,False,False,False,False,False,False,False,False,False,False,True,False,False,True
1,21,25.61,537.81,0,1.164090909090909,False,False,True,True,True,False,False,True,False,False,True,False,False,False,False,True,True,False,True,False,False,False,False,False,False,False
1,47,64.77,3044.19,0,1.349375,False,True,True,True,False,False,True,False,True,False,False,False,False,True,False,True,False,True,False,False,False,True,False,False,False,False
0,60,90.82,5449.2,0,1.4888524590163934,False,False,False,False,False,False,True,False,True,False,True,False,False,False,False,False,False,True,True,False,True,False,False,True,False,False
0,17,105.07,1786.19,1,5.837222222222222,True,True,False,True,True,False,False,False,False,False,False,False,True,False,True,False,False,True,False,True,False,False,True,False,False,True
0,54,77.91,4207.14,1,1.4165454545454546,True,True,False,False,False,True,True,False,False,True,False,True,False,True,False,False,False,True,False,False,False,False,False,True,False,False
1,5,75.11,375.55,1,12.518333333333333,False,True,True,True,False,True,False,True,True,False,True,False,False,False,True,False,False,False,False,True,False,False,True,False,True,False
0,14,39.68,555.52,1,2.6453333333333333,False,False,True,False,False,True,False,True,False,True,False,False,False,True,False,False,False,False,False,False,False,False,True,False,True,False
1,64,96.93,6203.52,0,1.4912307692307694,True,True,True,True,True,False,False,True,False,True,False,False,False,False,False,True,False,False,False,False,False,True,True,False,True,False
0,40,117.25,4690.0,0,2.8597560975609757,True,True,False,True,True,False,False,True,False,False,True,False,False,False,False,False,False,False,False,True,True,False,False,False,True,False
0,50,57.96,2898.0,0,1.1364705882352941,False,True,True,True,True,False,False,False,False,False,False,True,False,True,False,False,False,False,False,False,False,True,False,False,False,True
0,44,64.35,2831.4,0,1.43,True,False,False,True,False,True,True,False,False,False,False,False,True,False,False,True,False,False,False,False,False,True,False,True,False,False
0,41,93.0,3813.0,0,2.2142857142857144,False,False,False,False,False,False,False,True,True,False,False,False,False,True,False,False,False,False,False,True,False,True,False,True,False,False
1,66,119.01,7854.66,0,1.776268656716418,False,False,True,False,False,True,True,False,True,False,True,False,False,True,True,False,True,False,False,False,True,False,False,False,False,True
0,50,35.72,1786.0,0,0.700392156862745,True,True,False,False,True,False,False,True,False,False,False,False,False,False,False,False,True,False,False,False,False,True,True,True,False,False
0,21,30.26,635.46,0,1.3754545454545455,False,True,True,True,False,True,False,True,False,False,True,False,True,False,False,False,True,False,True,False,False,True,False,True,False,False
0,29,44.5,1290.5,1,1.4833333333333334,True,False,True,False,False,False,False,True,False,False,True,False,False,False,False,False,False,False,True,False,False,False,False,False,True,False
0,35,38.57,1349.95,0,1.071388888888889,False,False,True,False,True,False,False,False,False,True,False,False,True,False,False,False,True,False,False,False,True,False,False,False,False,False
1,70,98.63,6904.1,0,1.3891549295774648,False,True,False,False,False,True,False,True,False,False,True,False,True,False,True,False,False,True,True,False,False,True,True,True,False,False
1,47,64.36,3024.92,0,1.3408333333333333,False,False,False,False,False,True,True,False,False,True,False,False,False,False,True,False,False,False,True,False,False,True,False,False,False,True
